{"cameraMode":{"drawMode":0,"name":"Shaded","section":"Shading Mode"},"sceneLighting":false,"audioPlay":false,"sceneViewState":{"m_AlwaysRefresh":false,"showFog":false,"showSkybox":false,"showFlares":false,"showImageEffects":false,"showParticleSystems":false,"showVisualEffectGraphs":true,"m_FxEnabled":true},"in2DMode":false,"pivot":{"x":0.012346476316452027,"y":0.8696406483650208,"z":0.23033112287521363},"rotation":{"x":-0.0630466565489769,"y":0.9343191385269165,"z":-0.2816741168498993,"w":-0.2091272920370102},"size":1.0140013694763184,"orthographic":false}